Brand Name,ENERGY(kcal),PROTEIN,CARBOHYDRATE,ADDED SUGARS,TOTAL SUGARS,TOTAL FAT,SATURATED FAT,TRANS FAT,CHOLESTEROL(mg),SODIUM(mg),Dietary Fiber,Mono Unsaturated Fatty Acids,Poly Unsaturated Fatty Acids
Parle-G Original Gluco Biscuit,454,6.9,77.3,25,25.5,13,6,0,0,296,,,
Parle-G Gold Biscuits,462,6.7,76,26.9,27.7,14.6,6.8,0,0,281,,,
Parle-G Royale,464,6.5,74.5,26.5,27.3,15.5,7.2,0,0,268,,,
Parle-G Chhota Bheem,453,7,77.3,,24.8,12.9,6,0,0,210,,,
Parle-G oats & berries,445,7.2,78.8,24.6,25.6,11.2,5,0,0,303,,,
Parle 20-20 Cashew Cookies,495,7,69.1,22.6,23.5,21.2,9.5,0,0.5,183.6,,,
Parle 20-20 Butter Cookies,491,6.5,70.3,23.2,24.1,20.4,9.5,0,0.5,201.8,,,
Parle 20-20 Nice,478,6.5,72.8,24.6,25.2,17.9,9.6,0,0,243,,,
Parle 20-20 Gold Cashew Cookies,500,6.9,68,22.5,23.1,22.3,9.7,0,0,249,,,
Parle 20-20 Gold CashewAlmond Cookies,501,6.9,67.8,22.6,23.1,22.5,9.7,0,0,249,,,
Parle KrackJack THE ORIGINAL Sweet & Salty Crackers,489,6.8,70.5,19.1,19.6,19.9,9.4,0,0,371,,,
Parle KrackJack Butter Masala,505,7,67,12.2,12.7,23.2,11.1,0,2.2,509,,,
Parle KrackJack Jeera,482,7.5,72.5,16.7,17.3,18,8.5,0,0,739,,7.5,2
Parle Monaco Classic Regular,492,7.9,68.8,7.8,8.4,20.6,9.7,0,0,891,,,
Parle Monaco Biscuits - Jeffs Jeera,499,7.5,67.7,7.3,8.4,21.9,10.5,0,1,904,,,
"Parle Monaco Biscuit - Zeera, Crispy, Light, Salty Snack",494,8,68.1,7.6,8.2,21.1,9.8,0,0,943,,,
Parle Magix Creme Orange,466,5.5,76.6,34.1,34.4,15.3,7.1,0,0,233,,,
Parle Fab Bourbon Cream Biscuits - Chocolate,467,5.1,76.4,41.3,41.5,15.7,7.7,0,0,102,,,
Parle Fab Chocolate Creme Sandwich Biscuits,474,5.3,74.8,40.5,40.7,17.1,8.4,0,0,177,,,
Parle Fab Jam - In Cream Biscuits,462,4.8,77.7,37.5,38.1,14.7,6.7,0,0,177,,,
Parle Milk Shakti,462,7.3,75.3,23.3,24.5,14.7,6.8,0,0.6,261,,,
Parle Marie Biscuits,451,7.7,77.7,20,20.5,12.4,5.7,0,0,231,,,
Parle Monaco Cheeslings Clasic,492,8.8,67.7,,3.5,20.7,9.6,0,0,,,,
Parle Bakesmith Arovita Thin Arrowroot Biscuit ,449,7.9,77.3,,21.1,12,5.6,0,0,,,,
Parle Platina Hide & Seek Milano Collections Chocolate Chip Biscuits,518,4.4,67,30.2,31.5,25.8,13.4,0,3.9,192,,,
Parle Platina Hide & Seek Milano Collections Finest Choco Filled Biscuits,520,4.8,64.8,37.2,37.3,26.9,12.3,0,0,109,,,
Parle Platina Hide & Seek Choco Chip Cookies With Chocolate & Almonds,496,6.3,69.5,,28.9,21.4,9.6,0,,,,,
Parle Platina Hide & Seek Chocolate Flavoured Choco Chip Creme Sandwiches,497,5.1,70.5,37.5,37.6,21.6,11.9,0,0,142,,,
Parle Platina Hide & Seek Orange Flavoured Choco Chip Creme Sandwiches,500,4.5,70.4,39.5,39.7,22.3,12.1,0,0,142,,,
Parle Platina Hide & Seek Vanilla Flavoured Choco Chip Sandwich Biscuits,500,4.5,70.4,39.6,39.8,22.3,12.1,0,0,142,,,
Parle Platina Hide & Seek Caffe Mocha Coffee Flavoured Biscuits,478,5.8,73.6,31.7,32,17.8,9.2,9,0,142,,,
Parle Platina Hide & Seek Choco Rolls,512,4.5,67,,38.3,25.1,11.7,0.12,,,,,
Parle Platina Nutricrunch Digestive Marie Biscuit,440,8.3,78.7,,18.6,10.2,4.7,0,0,,6.5,4.5,1
Parle Platina Nutricrunch Biscuit - Honey & Oats,485,6.2,71,,18.7,19.2,8.7,0,0,,6,8.2,1.9
Parle Happy Happy Choco-Chip Cookies,489,5.8,71.3,30.4,30.6,20.1,10.6,0,0,197,,,
Parle Coconut Crunchy Cookies,469,6.5,74.6,25.9,26.2,16.1,8.3,0,0,247,,,
Parle Top Rich Buttery Crackers,50,7.4,66.7,,9.7,23.1,11,0,1.5,,,,
Sunfeast Marie Light,454,9.3,73.5,20,20.8,13.6,7.1,0,0,333.3,,,
Sunfeast Veda Marie Light,440,8,78.5,21.9,25.8,10.5,5.5,0.01,0.1,318.4,,,
Sunfeast Mom's Magic Rich Butter Cookies,499,7.9,67.2,21.6,22.7,22.1,10.1,0.06,0.9,938.3,,,
Sunfeast Farmlite Biscuit Cookies,484,11,63.6,25.3,26.2,21.6,10.1,0,0.2,248.8,4.6,,
Sunfeast Mom's Magic Cashew Almond Cookies,503,7.8,66.4,,22.8,22.9,10.3,0,,,,,
Sunfeast Farmlite - Digestive Biscuit,473,7.7,68.4,13.9,16.3,20.2,10.1,0.07,0.1,451.7,6.2,,
Britannia Vita Marie Gold,448,7.8,7.8,23.5,26.7,11.7,5.7,0,0,248,,4.5,1.3
Britannia Marie Gold Biscuits ,445,8.4,78.9,,21.9,10.7,5.2,0,0,316,,4,1.2
Britannia The Original Bourbon Creme Biscuit,493.5,5,72.7,35.1,37,20.3,10.1,0,0,119,,,
Britannia nutri choice Oats Cookies Orange Almond,488,7,70,,22,20,8.5,0,0,,6,,
Britannia Nice Time - Sugar Showered Coconut Biscuits,463,6,76,,30.5,15,8,0,0,,,,
Sunfeast Bounce Creme Biscuits - Orange,467,6.4,73.4,,38.4,16.5,8.6,0.1,,,,,
Sunfeast Baked Creations Walnut & Chocochip Cookies,535,7.4,57.9,28.5,29,31,15.4,0.1,4.7,491.4,,,
Sunfeast Baked Oats & Hazelnuts Cookies,472,7.7,69.9,30,31,18.7,9.3,0.14,6.6,554.6,,,
Sunfeast farmlite Oats & Almonds Cookies,482,12.3,62.5,19.4,20.5,21.4,9.6,0,0.2,423.6,,,
Sunfeast Baked Creations Rich Chocochip Cookies,522,6,63.2,33.5,34,27.3,15.8,0.15,5.2,175.3,,,
Sunfeast farmlite Oats & Chocolate Cookies,484,11,63.6,25.3,26.2,21.6,10.1,0,0.2,248.8,,,
Sunfeast farmlite Digestive high fibre,473,7.7,68.4,13.9,16.3,0.07,10.1,0.07,0.1,451.7,,,
Sunfeast farmlite Super Millets Ragi and Jowar Cookies,496,6.2,56.7,17.7,21,27.9,15.1,0.16,1,470.1,,,
Sunfeast Dark Fantasy Choco Fills,507,7.3,61.1,33.9,35.7,27.3,12.7,0.1,0.3,181.5,,,
Sunfeast Dark Fantasy Vanilla Fills,522,4.7,64.6,33,39.1,27.2,12.6,0.1,0,208.8,,,
Sunfeast Dark Fantasy Desserts Choco Nut Dipped Cookies Filled Cookie Reimagined,548,5.2,61.1,36.2,38.1,31.5,17.8,0.04,3,142.8,,,
Sunfeast Dark Fantasy Desserts Choco Chunks Cookies,508,5.4,66.3,37.9,39.2,24.6,13.2,0.03,14,370.7,,,
Sunfeast Marie Light Active Biscuits,445,9.1,77.4,21.1,21.3,11,5.6,0.07,,292.4,,,
Britannia 50-50 Sweet & Salty Biscuits,487,7,72,18.5,19.4,19,9,0,0,458,,,
Britannia JimJam Pops Crunchy Open Cookie,500,5,79.2,31.6,37.3,21.7,12.2,0,0.1,196,,,
Sunfeast Glucose Biscuits,440,7.1,79,27,27.7,10.6,5.3,0,0.1,421.2,,,
Britannia Good Day Cashew Cookies,508,6.6,67.7,20.8,21.1,23.4,11.5,0,3.2,227,,9.1,2.4
Britannia Good Day Butter Cookies,494,7,67,20.7,22,22,11,0,6.5,255,,8.5,2.5
Britannia Good Day Chocochip Cookies,512,6.1,68,31.4,33.4,24,14.1,0,0.2,204,,7.7,1.9
Britannia Good Day Pista Badam Cookies,512,7,67,20.7,22,24,11,0,2,226,,10.2,2.7
Britannia Good Day Chunkies Chocolate Chip Cookies,512,6.8,64,27.8,31.5,25.5,13.7,0,4,536,,9,2.5
Britannia Good Day Butter Jeera Cookies,506,6.4,68.2,20,20.8,23.1,11.5,0,4.2,592,,9,2.4
Britannia Good Day Chunkies Tropical Coconut Cookies,575,6.2,53.8,27.6,28,37.2,24.7,0,13.1,143,,9.6,2.7
Britannia Pure Magic Chocolush Delicilous Choco Filled Cookies,520,4.8,65.9,34.3,36.2,26.3,11.5,0.1,1.2,291,,11.2,3.4
Britannia Good Day Fruit & Nut Cookies,505,6.3,68.2,21.1,27.4,23,11,0,0.03,233,,9.3,3
Britannia Pure Magic Choco Stars Chunky Chocolate Topped Cookie,529,6.3,64.7,25.5,30.6,27.2,15.6,0.1,2,319,,9,2.5
Britannia Pure Magic Choco Creme Biscuits,487,6,73,,37,19,9,0,0,,,7.2,1.8
Britannia Pure Magic Vanilla Creme Biscuits,493,5.3,72.5,,39.6,20.2,10,0.4,0,,,7.4,2.1
Britannia Pure Magic Deuce Milk Choco,499,5,68,,38.5,23,19,0,0,,,2.7,1.2
Britannia Pure Magic Deuce White Choco,498,5,70,,40,22,18,0,0,,,2.7,1.2
Britannia nutri choice Sugar Free Cracker,463,10,72,0,0.5,15,7,0,0,605,,6.2,1.7
Britannia nutri choice Digestive ,481,9.1,68,11.9,13.1,20.9,10.4,0,0,368,,7.9,2.3
Britannia Pure Magic Choco Frames Harry Potter Biscuits,507,5.9,68.8,41.4,41.4,23.1,17.9,0.1,3,336,,2.7,1
Britannia JimJam Naughty Jam,483,5,73,31.8,33.5,19,9.5,0,0,214,,7.2,2.2
Britannia Litle Hearts Classis Crunch,486,7.4,70,23,24,19.5,9.4,0,0,309,,7.8,2.1
Unibic Choco Chip Cookies,480,5.8,68,,29,20.5,12.8,0,0,,,4.8,1.8
Unibic Fruit & Nut Cookies,448.6,6.4,63,20.5,24,19,8.6,0,0,209,,4.3,1.1
Unibic Butter Cookies,509,7.4,65.4,,25.2,24.2,15.4,0,15,170,,6.5,1.3
Unibic Choco Nut Cookies,473,6.5,67,26.5,27,19.9,12.5,0,0,209,,5.2,1.4
Unibic Ginger Nut Cookies,454,5.9,76,,35,14.1,8.2,0,0,170,,3.8,1.1
Unibic Pista Badam Cookies,523,7.8,60,,24.8,28,14,0,3,180,,8,2.1
Unibic Multigrain Breakfast Cookies,435,5.6,61,,26,18.7,8.2,0,0,,12.5,6,1.6
Unibic Doosra Jeera Cookies,490,7.5,65,18.5,19.2,22.6,13,0,0,350,,6.4,1.6
Unibic Honey Oatmeal Cookies,476,6.2,70,34.2,35,19,10.6,0,0,285,,5.9,1.8
Unibic Cashew Badam Cookies,487,5.5,66,24.3,26,22.3,10,0,0,195,,8.1,2
Unibic Finger Cookies Cashew,513,7.7,60,16,17,27,14,0.1,3,126,,10,2.7
Unibic Finger Cookies Almond,517,7.6,61,17,18,27,13,0.1,4,113,,10,2.7
Unibic Choco Kiss Cookies,504,5.3,64.5,35,37,25,12.8,0,0,177,,8.8,2.6
Unibic Snappers Potato Crackers Cream n' Onion,487,7.5,67,13,15,21,10.8,0,0,997,,6.3,3.3
Unibic Snappers Potato Crackers Indi Spice,486,7.1,65,13.8,15.8,22,10.2,0,0,999,,5.5,3.5
Unibic Snappers Potato Crackers Achari Mango,487,7.3,65.5,9,11,21.8,10.5,0,0,998,,6.5,3.2
Unibic Wholegrain Snappers Ragi Crackers Mast Masala,469,8.4,66.9,9,10,18.6,9.2,0,0,775,,7.1,1.8
Unibic Sugar free Oats Cookies,418.9,6.2,56,0,0.5,24.5,13.9,0,19,185,6.2,7.8,1.1
Unibic Sugar Free Cashew Cookies ,446.7,8.1,62,0,0.5,24.7,14.1,0,23.7,125,,8.1,1.4
Unibic Sugar Free Multigrain Cookies ,463,6,65,0,0.5,19.9,11.6,0,2.8,250,,5.7,1.7
Unibic Sugar Free Butter Cookies ,444.4,6.3,65,0,0.5,22.8,14.6,0,49,85,,6.2,0.85
Unibic Oats Digestive,486,8.2,64,17,18,22,12.1,0,0,480,6.5,6.2,2.1
Unibic Danish Coconut Cookies,532,6.5,60.3,34.2,34.7,29.4,20.2,0,0.5,165.6,3.6,6.04,1.5
Unibic Biscott Caramel & Cinnamon Flavour,479,6,71,29.2,30,18,10.5,0,0,240,,5.1,1.4
Unibic Milk Cookies ,463,7.8,72,24.6,26.5,16,9.8,0,0,230,,4.5,1.2
Unibic Choco Ripple Cookies,482,5.5,68,,34,21,10.1,0,0,,,7.8,2.2
Unibic Orange Splash ,490,6,67,,27.5,22,10.6,0,0,,,8,2.2
Unibic Big & Bold Choco Blast,497,5.6,67,28.5,30,23,13.5,0,0,230,,5.8,2.5
Unibic Big & Bold Fruit Blast,458,6.4,63,21.5,25,20,9,0,0,209,,4.5,1.2
Unibic Kesar Cashew Badam Cookies ,497,5.5,66,,26,23.5,10.5,0,0,,,8.5,2.1
Cadbury Chocobakes Choco Chip Cookies,466,7.2,69.3,29.6,31.2,18,8.9,0.1,2,305,,,
Cadbury Original Oreo Chocolatey Sandwich Biscuits,483,5.2,71.9,38.5,38.9,19.6,9.7,0.1,0,420,,,
Cadbury Choco Crème Flavoured Oreo Chocolatey Sandwich Biscuits,482,5.3,71.2,36,36.5,19.7,9.8,0.1,0,420,,,
Cadbury Chocobakes Choc-Filled Cookies,506,5,65,36,38,26,12,0.2,1,198,,,
Cadbury Bourn Vita Biscuits,456,7.1,72.8,25.5,28.3,15.3,6.8,0.1,0,357,,,
Cadbury Choco Sandwich Choc Filled,510,5.6,65,,35,25,12,0,0,590,,,
Cadbury Cricket Edition Oreo Strawberry Crème Flavoured,483,5.2,71.5,38.3,38.4,19.7,9.8,0.1,0,420,,,
Yummy Bites Chocolate Chip Cookies,403,9,75,6,37,26,11,1,0,917,,,
Delicious Delights Peanut Butter Cookies,557,5,63,47,15,31,17,0,0,273,,,
Delicious Delights Peanut Butter Cookies,751,6,62,39,28,35,5,1,0,572,,,
Tasty Treats Lemon Shortbread,748,7,73,38,36,27,6,0,0,715,,,
Tasty Treats Lemon Shortbread,491,7,60,28,15,38,15,1,1,579,,,
Tasty Treats Lemon Shortbread,405,7,76,33,38,20,18,1,1,125,,,
Sweet Sensations Oatmeal Raisin Cookies,361,8,70,28,10,26,13,1,2,681,,,
Sweet Sensations Oatmeal Raisin Cookies,542,8,66,32,9,26,5,1,1,126,,,
Sweet Sensations Oatmeal Raisin Cookies,713,6,64,10,10,16,5,1,0,901,,,
Yummy Bites Chocolate Chip Cookies,705,7,75,41,38,28,11,1,0,215,,,
Sweet Sensations Oatmeal Raisin Cookies,481,8,64,37,15,24,7,0,2,892,,,
Sweet Sensations Oatmeal Raisin Cookies,711,10,67,34,25,39,19,0,1,431,,,
Yummy Bites Chocolate Chip Cookies,548,4,66,40,50,11,18,0,1,516,,,
Crunchy Delights Coconut Cookies,762,6,60,21,41,39,15,0,1,467,,,
Sweet Sensations Oatmeal Raisin Cookies,475,7,60,18,28,25,18,0,2,290,,,
Sweet Sensations Oatmeal Raisin Cookies,361,4,61,34,48,37,6,0,1,709,,,
Yummy Bites Chocolate Chip Cookies,610,4,71,42,9,31,12,1,2,426,,,
Yummy Bites Chocolate Chip Cookies,633,7,79,33,6,17,6,0,1,864,,,
Delicious Delights Peanut Butter Cookies,706,7,76,41,45,20,19,0,1,879,,,
Delicious Delights Peanut Butter Cookies,748,6,76,5,16,35,13,1,0,585,,,
Tasty Treats Lemon Shortbread,374,10,61,27,21,24,17,0,0,769,,,
Yummy Bites Chocolate Chip Cookies,637,4,65,47,16,23,6,0,0,289,,,
Crunchy Delights Coconut Cookies,376,5,73,32,15,40,5,1,2,581,,,
Tasty Treats Lemon Shortbread,353,5,65,50,42,13,13,1,0,431,,,
Delicious Delights Peanut Butter Cookies,318,10,75,42,14,17,19,0,0,170,,,
Delicious Delights Peanut Butter Cookies,310,9,68,9,11,29,8,1,2,778,,,
Crunchy Delights Coconut Cookies,323,4,77,13,5,13,13,1,2,351,,,
Tasty Treats Lemon Shortbread,797,5,60,5,32,16,16,0,0,148,,,
Delicious Delights Peanut Butter Cookies,577,9,62,7,13,39,20,0,1,402,,,
Crunchy Delights Coconut Cookies,698,4,62,43,45,22,10,1,0,374,,,
Crunchy Delights Coconut Cookies,499,4,68,6,32,10,5,0,1,238,,,
Delicious Delights Peanut Butter Cookies,322,4,78,50,9,37,7,0,2,794,,,
Sweet Sensations Oatmeal Raisin Cookies,624,8,77,5,6,33,9,1,2,856,,,
Sweet Sensations Oatmeal Raisin Cookies,626,6,78,7,22,16,20,1,0,985,,,
Crunchy Delights Coconut Cookies,515,7,66,45,5,40,7,0,2,132,,,
Tasty Treats Lemon Shortbread,738,5,74,22,34,17,15,0,1,519,,,
Yummy Bites Chocolate Chip Cookies,326,9,79,43,34,22,5,1,0,850,,,
Crunchy Delights Coconut Cookies,442,9,71,38,27,14,8,1,1,605,,,
Tasty Treats Lemon Shortbread,623,9,75,18,6,38,10,0,1,265,,,
Tasty Treats Lemon Shortbread,509,4,70,25,21,27,10,0,1,450,,,
Crunchy Delights Coconut Cookies,489,8,66,37,47,33,19,1,1,445,,,
Tasty Treats Lemon Shortbread,393,8,78,29,40,38,6,1,1,481,,,
Crunchy Delights Coconut Cookies,670,9,63,32,14,10,15,1,2,780,,,
Crunchy Delights Coconut Cookies,573,5,71,21,18,32,18,0,1,365,,,
Tasty Treats Lemon Shortbread,479,5,78,43,47,31,11,0,0,434,,,
Yummy Bites Chocolate Chip Cookies,476,10,75,10,43,39,20,0,2,624,,,
Yummy Bites Chocolate Chip Cookies,390,4,62,36,25,34,7,0,2,568,,,
Delicious Delights Peanut Butter Cookies,571,4,62,41,16,31,14,1,2,250,,,
Yummy Bites Chocolate Chip Cookies,487,4,79,20,15,30,5,1,1,418,,,
Sweet Sensations Oatmeal Raisin Cookies,690,10,76,44,49,23,17,0,2,597,,,
Tasty Treats Lemon Shortbread,382,4,62,8,41,38,5,0,0,883,,,
Sweet Sensations Oatmeal Raisin Cookies,611,9,73,15,22,16,13,0,2,329,,,
Sweet Sensations Oatmeal Raisin Cookies,444,10,79,16,35,29,19,1,1,981,,,
Sweet Sensations Oatmeal Raisin Cookies,661,7,73,47,48,12,16,1,2,581,,,
Delicious Delights Peanut Butter Cookies,750,6,78,27,26,33,7,0,2,310,,,
Yummy Bites Chocolate Chip Cookies,412,8,63,42,8,10,10,0,0,642,,,
Yummy Bites Chocolate Chip Cookies,714,5,75,45,41,19,11,1,2,571,,,
Sweet Sensations Oatmeal Raisin Cookies,313,6,67,31,48,24,18,1,1,448,,,
Sweet Sensations Oatmeal Raisin Cookies,712,9,65,24,47,29,18,1,1,809,,,
Tasty Treats Lemon Shortbread,713,5,72,42,41,30,13,1,0,181,,,
Tasty Treats Lemon Shortbread,526,7,72,7,26,29,8,1,1,896,,,
Delicious Delights Peanut Butter Cookies,391,4,63,15,24,25,12,1,1,169,,,
Tasty Treats Lemon Shortbread,367,8,70,37,11,17,20,0,0,546,,,
Tasty Treats Lemon Shortbread,649,7,78,15,32,30,14,0,2,854,,,
Tasty Treats Lemon Shortbread,451,8,69,28,35,13,8,0,1,870,,,
Delicious Delights Peanut Butter Cookies,694,6,79,6,16,31,16,0,0,230,,,
Yummy Bites Chocolate Chip Cookies,445,5,60,8,49,27,15,0,2,252,,,
Tasty Treats Lemon Shortbread,301,5,67,17,15,23,8,1,1,764,,,
Tasty Treats Lemon Shortbread,554,7,80,7,20,19,20,0,0,306,,,
Delicious Delights Peanut Butter Cookies,467,6,63,31,9,12,7,1,1,672,,,
Yummy Bites Chocolate Chip Cookies,720,5,71,26,19,27,7,0,1,462,,,
Sweet Sensations Oatmeal Raisin Cookies,490,5,66,28,40,27,20,1,1,885,,,
Tasty Treats Lemon Shortbread,462,10,71,9,21,30,15,0,1,406,,,
Delicious Delights Peanut Butter Cookies,729,10,77,31,36,10,18,0,2,370,,,
Crunchy Delights Coconut Cookies,567,6,60,32,31,29,18,0,2,280,,,
Crunchy Delights Coconut Cookies,536,7,75,17,37,33,10,0,1,921,,,
Crunchy Delights Coconut Cookies,449,8,61,48,45,35,11,1,0,396,,,
Tasty Treats Lemon Shortbread,342,5,80,20,26,27,14,0,0,685,,,
Crunchy Delights Coconut Cookies,604,10,62,48,50,30,7,1,0,546,,,
Crunchy Delights Coconut Cookies,586,9,63,25,40,16,20,0,2,489,,,
Delicious Delights Peanut Butter Cookies,302,4,68,35,41,25,20,0,2,193,,,
Tasty Treats Lemon Shortbread,657,8,65,48,43,37,19,0,0,633,,,
Yummy Bites Chocolate Chip Cookies,512,9,77,45,25,19,18,1,0,287,,,
Sweet Sensations Oatmeal Raisin Cookies,402,5,71,38,50,29,17,1,1,217,,,
Crunchy Delights Coconut Cookies,582,9,61,31,36,34,11,0,2,174,,,
Crunchy Delights Coconut Cookies,617,5,62,33,5,25,5,1,0,849,,,
Tasty Treats Lemon Shortbread,575,7,78,7,46,30,8,0,0,897,,,
Crunchy Delights Coconut Cookies,633,4,76,11,12,32,12,0,2,392,,,
Crunchy Delights Coconut Cookies,770,5,62,15,44,35,20,0,2,264,,,
Tasty Treats Lemon Shortbread,564,5,74,45,17,15,7,1,2,239,,,
Sweet Sensations Oatmeal Raisin Cookies,739,9,74,41,24,11,18,1,1,950,,,
Crunchy Delights Coconut Cookies,306,5,75,50,5,30,12,1,1,837,,,
Tasty Treats Lemon Shortbread,374,8,65,32,47,33,12,0,0,656,,,
Tasty Treats Lemon Shortbread,305,10,76,15,11,27,20,0,0,163,,,
Crunchy Delights Coconut Cookies,525,4,65,16,13,28,13,0,2,652,,,
Sweet Sensations Oatmeal Raisin Cookies,753,5,76,31,18,32,16,0,0,641,,,
Yummy Bites Chocolate Chip Cookies,358,6,70,50,16,12,12,1,0,144,,,
Tasty Treats Lemon Shortbread,576,10,76,19,11,40,7,0,1,409,,,
Sweet Sensations Oatmeal Raisin Cookies,446,7,62,46,22,35,14,0,1,366,,,
Crunchy Delights Coconut Cookies,474,6,78,25,23,33,18,0,2,489,,,
Sweet Sensations Oatmeal Raisin Cookies,792,7,71,36,20,22,13,0,1,764,,,
Tasty Treats Lemon Shortbread,561,10,70,27,26,19,7,0,0,530,,,
Tasty Treats Lemon Shortbread,543,10,68,8,31,37,6,1,2,663,,,
Crunchy Delights Coconut Cookies,672,7,71,15,43,23,13,0,0,846,,,
Delicious Delights Peanut Butter Cookies,367,9,63,34,27,26,8,0,0,856,,,
Delicious Delights Peanut Butter Cookies,384,8,60,13,20,34,18,0,0,835,,,
Delicious Delights Peanut Butter Cookies,556,4,64,40,33,12,15,0,0,542,,,
Crunchy Delights Coconut Cookies,751,10,62,17,9,34,17,1,0,318,,,
Delicious Delights Peanut Butter Cookies,525,9,63,9,35,39,9,0,1,832,,,
Sweet Sensations Oatmeal Raisin Cookies,773,6,71,40,24,37,17,1,1,670,,,
Sweet Sensations Oatmeal Raisin Cookies,431,7,66,38,32,32,13,0,1,919,,,
Crunchy Delights Coconut Cookies,539,9,70,41,30,23,12,1,0,366,,,
Crunchy Delights Coconut Cookies,727,6,79,25,17,19,7,1,1,851,,,
Crunchy Delights Coconut Cookies,738,6,70,23,14,35,20,1,2,636,,,
Crunchy Delights Coconut Cookies,311,7,68,18,25,35,11,1,2,678,,,
Delicious Delights Peanut Butter Cookies,516,10,77,29,34,30,12,1,0,789,,,
Delicious Delights Peanut Butter Cookies,780,9,74,39,43,35,6,0,2,196,,,
Yummy Bites Chocolate Chip Cookies,756,4,74,18,25,14,6,0,2,813,,,
Sweet Sensations Oatmeal Raisin Cookies,459,4,71,23,31,29,7,0,1,121,,,
Crunchy Delights Coconut Cookies,379,5,72,28,28,37,18,0,2,842,,,
Tasty Treats Lemon Shortbread,436,9,73,27,44,39,8,0,0,505,,,
Yummy Bites Chocolate Chip Cookies,494,8,76,24,6,11,14,1,2,628,,,
Crunchy Delights Coconut Cookies,787,10,69,21,40,24,6,1,1,491,,,
Sweet Sensations Oatmeal Raisin Cookies,364,5,68,9,21,18,16,1,2,770,,,
Tasty Treats Lemon Shortbread,748,7,61,48,6,13,13,1,0,125,,,
Yummy Bites Chocolate Chip Cookies,571,4,73,31,22,33,8,1,2,175,,,
Tasty Treats Lemon Shortbread,486,10,79,28,44,14,6,0,0,571,,,
Crunchy Delights Coconut Cookies,693,8,67,48,6,17,7,1,0,562,,,
Tasty Treats Lemon Shortbread,572,10,80,22,31,30,13,1,0,326,,,
Sweet Sensations Oatmeal Raisin Cookies,600,10,70,18,34,28,6,0,0,168,,,
Tasty Treats Lemon Shortbread,565,6,73,24,49,20,10,1,0,958,,,
Crunchy Delights Coconut Cookies,588,6,78,36,27,32,18,1,2,750,,,
Yummy Bites Chocolate Chip Cookies,653,7,72,10,50,25,6,1,2,748,,,
Delicious Delights Peanut Butter Cookies,380,5,80,5,14,24,6,0,0,199,,,
Tasty Treats Lemon Shortbread,329,7,78,48,12,31,13,1,2,945,,,
Tasty Treats Lemon Shortbread,762,8,76,25,12,10,18,1,1,889,,,
Sweet Sensations Oatmeal Raisin Cookies,351,8,76,36,12,31,13,1,2,962,,,
Tasty Treats Lemon Shortbread,732,8,64,38,20,35,9,1,0,152,,,
Crunchy Delights Coconut Cookies,569,6,72,28,45,38,7,1,2,138,,,
Tasty Treats Lemon Shortbread,686,9,73,6,39,24,14,0,2,732,,,
Yummy Bites Chocolate Chip Cookies,441,9,67,35,43,13,20,1,1,100,,,
Yummy Bites Chocolate Chip Cookies,384,5,71,31,46,37,10,1,1,401,,,
Tasty Treats Lemon Shortbread,762,10,61,9,16,10,5,1,2,505,,,
Delicious Delights Peanut Butter Cookies,713,4,74,39,26,24,19,1,2,196,,,
Delicious Delights Peanut Butter Cookies,342,10,79,17,18,34,11,0,1,533,,,
Tasty Treats Lemon Shortbread,380,4,73,21,10,34,11,1,1,130,,,
Sweet Sensations Oatmeal Raisin Cookies,689,6,75,33,32,23,16,0,1,388,,,
Crunchy Delights Coconut Cookies,369,4,72,22,14,26,17,1,2,857,,,
Yummy Bites Chocolate Chip Cookies,705,5,72,39,25,22,14,0,1,176,,,
Tasty Treats Lemon Shortbread,359,9,64,28,27,17,17,1,0,410,,,
Crunchy Delights Coconut Cookies,491,5,73,45,30,22,11,0,0,968,,,
Sweet Sensations Oatmeal Raisin Cookies,544,6,65,30,35,16,20,1,2,483,,,
Crunchy Delights Coconut Cookies,693,5,64,13,44,40,19,0,0,625,,,
Yummy Bites Chocolate Chip Cookies,660,10,80,26,36,15,14,0,1,302,,,
Yummy Bites Chocolate Chip Cookies,729,10,80,36,33,17,16,0,2,764,,,
Crunchy Delights Coconut Cookies,360,5,79,34,50,16,6,0,2,490,,,
Delicious Delights Peanut Butter Cookies,309,5,65,36,8,13,9,0,1,624,,,
Crunchy Delights Coconut Cookies,401,9,62,38,9,30,6,0,2,954,,,
Sweet Sensations Oatmeal Raisin Cookies,544,4,71,12,43,36,7,0,1,521,,,
Delicious Delights Peanut Butter Cookies,351,6,62,32,34,40,17,1,2,269,,,
Tasty Treats Lemon Shortbread,571,6,67,49,5,24,16,0,2,415,,,
Sweet Sensations Oatmeal Raisin Cookies,477,6,66,37,29,40,6,0,0,276,,,
Tasty Treats Lemon Shortbread,639,8,63,28,23,14,10,0,1,720,,,
Tasty Treats Lemon Shortbread,747,7,80,49,14,24,9,1,1,241,,,
Delicious Delights Peanut Butter Cookies,628,4,77,42,19,26,7,1,2,973,,,
Crunchy Delights Coconut Cookies,687,10,75,14,13,40,15,1,1,445,,,
Delicious Delights Peanut Butter Cookies,488,8,77,30,36,14,18,0,1,879,,,
Yummy Bites Chocolate Chip Cookies,434,4,70,35,43,19,14,1,0,839,,,
Sweet Sensations Oatmeal Raisin Cookies,765,7,68,37,47,17,13,0,1,608,,,
Delicious Delights Peanut Butter Cookies,452,10,78,20,27,24,18,0,1,369,,,
Tasty Treats Lemon Shortbread,584,10,63,15,36,12,17,0,2,501,,,
Delicious Delights Peanut Butter Cookies,412,10,71,10,42,16,10,0,2,842,,,
Crunchy Delights Coconut Cookies,427,7,64,41,5,14,11,1,0,654,,,
Yummy Bites Chocolate Chip Cookies,595,10,79,5,22,10,18,1,0,378,,,
Crunchy Delights Coconut Cookies,521,9,75,38,46,19,9,0,0,382,,,
Yummy Bites Chocolate Chip Cookies,443,5,71,40,46,30,8,0,0,248,,,
Tasty Treats Lemon Shortbread,609,4,66,41,20,13,8,1,0,160,,,
Tasty Treats Lemon Shortbread,329,6,67,23,22,37,16,0,2,578,,,
Tasty Treats Lemon Shortbread,486,7,66,22,36,19,7,1,0,224,,,
Sweet Sensations Oatmeal Raisin Cookies,510,10,78,14,31,18,19,0,0,662,,,
Sweet Sensations Oatmeal Raisin Cookies,429,6,80,5,22,35,14,0,0,952,,,
Sweet Sensations Oatmeal Raisin Cookies,706,10,79,48,23,25,14,1,0,173,,,
Crunchy Delights Coconut Cookies,418,7,66,13,44,39,7,1,1,462,,,
Delicious Delights Peanut Butter Cookies,632,9,65,48,31,14,12,1,1,354,,,
Delicious Delights Peanut Butter Cookies,589,5,64,49,31,25,9,1,1,674,,,
Delicious Delights Peanut Butter Cookies,478,5,63,46,30,33,16,1,2,201,,,
Yummy Bites Chocolate Chip Cookies,386,5,63,29,30,34,18,0,0,555,,,
Crunchy Delights Coconut Cookies,645,9,72,20,22,13,16,1,2,565,,,
Sweet Sensations Oatmeal Raisin Cookies,537,6,63,10,25,21,5,0,0,472,,,
Delicious Delights Peanut Butter Cookies,439,8,64,41,47,30,6,0,1,911,,,
Crunchy Delights Coconut Cookies,447,7,67,38,50,24,16,1,0,116,,,
Delicious Delights Peanut Butter Cookies,783,4,64,29,24,17,8,1,2,224,,,
Tasty Treats Lemon Shortbread,317,6,78,32,11,21,12,0,2,779,,,
Tasty Treats Lemon Shortbread,341,4,71,16,49,14,10,1,2,715,,,
Tasty Treats Lemon Shortbread,447,4,77,41,50,20,8,0,0,359,,,
Sweet Sensations Oatmeal Raisin Cookies,490,4,66,17,20,13,13,1,1,750,,,
Sweet Sensations Oatmeal Raisin Cookies,556,5,61,36,44,32,20,0,0,940,,,
Tasty Treats Lemon Shortbread,688,9,74,15,41,13,20,0,1,784,,,
Crunchy Delights Coconut Cookies,377,6,68,27,20,36,14,1,1,314,,,
Crunchy Delights Coconut Cookies,341,7,72,44,48,33,15,0,2,390,,,
Sweet Sensations Oatmeal Raisin Cookies,336,7,77,48,38,30,18,0,2,164,,,
Tasty Treats Lemon Shortbread,563,5,71,21,45,24,9,0,1,778,,,
Delicious Delights Peanut Butter Cookies,605,6,68,15,25,31,8,0,0,325,,,
Delicious Delights Peanut Butter Cookies,720,10,73,9,20,17,18,1,0,882,,,
Crunchy Delights Coconut Cookies,756,9,75,7,12,18,7,1,1,145,,,
Crunchy Delights Coconut Cookies,415,7,67,31,38,40,9,1,1,384,,,
Sweet Sensations Oatmeal Raisin Cookies,600,5,65,5,5,10,11,0,2,405,,,
Yummy Bites Chocolate Chip Cookies,470,5,68,50,36,13,8,0,1,872,,,
Yummy Bites Chocolate Chip Cookies,366,9,76,37,35,18,11,0,0,886,,,
Crunchy Delights Coconut Cookies,348,6,64,45,9,22,18,0,0,489,,,
Crunchy Delights Coconut Cookies,664,4,61,41,44,12,14,0,0,233,,,
Sweet Sensations Oatmeal Raisin Cookies,353,6,71,28,30,13,13,0,2,312,,,
Delicious Delights Peanut Butter Cookies,595,7,65,24,19,18,20,1,0,816,,,
Yummy Bites Chocolate Chip Cookies,605,6,71,45,8,11,14,1,1,203,,,
Delicious Delights Peanut Butter Cookies,546,7,70,31,7,21,7,0,2,591,,,
Delicious Delights Peanut Butter Cookies,402,8,66,30,47,13,8,1,0,301,,,
Delicious Delights Peanut Butter Cookies,331,4,79,13,13,33,16,0,1,300,,,
Sweet Sensations Oatmeal Raisin Cookies,724,7,77,29,10,31,11,0,1,804,,,
Tasty Treats Lemon Shortbread,367,5,66,34,29,40,11,1,1,143,,,
Tasty Treats Lemon Shortbread,608,4,67,31,9,33,19,1,0,422,,,
Tasty Treats Lemon Shortbread,757,6,74,21,29,26,14,1,2,168,,,
Yummy Bites Chocolate Chip Cookies,307,7,69,6,42,18,6,0,0,989,,,
Crunchy Delights Coconut Cookies,534,7,68,37,28,21,16,1,0,553,,,
Tasty Treats Lemon Shortbread,310,4,76,17,38,24,20,0,2,218,,,
Delicious Delights Peanut Butter Cookies,472,6,75,46,27,21,13,0,2,787,,,
Tasty Treats Lemon Shortbread,415,5,65,14,7,38,13,1,1,185,,,
Yummy Bites Chocolate Chip Cookies,546,8,61,18,49,18,11,0,2,180,,,
Yummy Bites Chocolate Chip Cookies,538,5,72,12,34,19,7,1,1,797,,,
Sweet Sensations Oatmeal Raisin Cookies,462,4,77,46,16,22,18,1,2,672,,,
Yummy Bites Chocolate Chip Cookies,757,7,60,25,11,24,12,0,2,953,,,
Delicious Delights Peanut Butter Cookies,332,9,75,32,38,31,10,0,0,589,,,
Crunchy Delights Coconut Cookies,693,7,78,44,6,18,8,0,0,338,,,
Delicious Delights Peanut Butter Cookies,699,5,69,9,25,40,7,1,1,765,,,
Delicious Delights Peanut Butter Cookies,404,6,61,7,9,24,6,0,0,111,,,
Tasty Treats Lemon Shortbread,687,6,70,43,26,30,15,1,0,916,,,
Tasty Treats Lemon Shortbread,781,9,79,39,31,22,8,1,1,806,,,
Crunchy Delights Coconut Cookies,791,10,75,43,33,16,13,0,0,754,,,
Delicious Delights Peanut Butter Cookies,534,10,64,39,13,27,11,1,2,639,,,
Delicious Delights Peanut Butter Cookies,643,8,62,12,42,13,10,1,2,202,,,
Crunchy Delights Coconut Cookies,592,6,75,7,7,36,18,0,0,933,,,
Crunchy Delights Coconut Cookies,622,10,78,37,29,21,16,0,0,698,,,
Tasty Treats Lemon Shortbread,690,9,65,32,40,13,17,1,1,438,,,
Crunchy Delights Coconut Cookies,464,6,71,22,48,30,11,1,0,307,,,
Yummy Bites Chocolate Chip Cookies,591,4,63,19,14,32,7,0,1,404,,,
Delicious Delights Peanut Butter Cookies,649,10,62,49,18,11,14,1,0,895,,,
Sweet Sensations Oatmeal Raisin Cookies,484,5,66,13,9,33,13,1,0,730,,,
Tasty Treats Lemon Shortbread,648,10,73,46,15,22,10,0,2,555,,,
Sweet Sensations Oatmeal Raisin Cookies,726,10,72,49,24,11,10,1,0,805,,,
Crunchy Delights Coconut Cookies,381,8,68,47,28,33,11,1,1,942,,,
Sweet Sensations Oatmeal Raisin Cookies,596,7,80,32,14,19,16,1,2,336,,,
Yummy Bites Chocolate Chip Cookies,410,10,80,11,26,15,17,0,2,720,,,
Yummy Bites Chocolate Chip Cookies,309,6,72,18,23,27,7,1,1,419,,,
Crunchy Delights Coconut Cookies,360,5,72,8,15,19,7,1,2,561,,,
Sweet Sensations Oatmeal Raisin Cookies,713,9,74,47,22,13,20,0,0,642,,,
Delicious Delights Peanut Butter Cookies,450,8,80,5,32,20,15,1,2,445,,,
Yummy Bites Chocolate Chip Cookies,325,6,77,8,36,16,17,1,1,478,,,
Sweet Sensations Oatmeal Raisin Cookies,669,10,67,22,17,14,10,1,0,289,,,
Delicious Delights Peanut Butter Cookies,719,8,74,5,31,23,6,0,2,973,,,
Yummy Bites Chocolate Chip Cookies,538,9,61,9,33,13,13,0,0,179,,,
Crunchy Delights Coconut Cookies,476,5,60,15,16,38,7,0,1,880,,,
Yummy Bites Chocolate Chip Cookies,532,5,79,33,43,16,13,0,0,976,,,
Tasty Treats Lemon Shortbread,311,10,72,14,15,29,11,0,0,546,,,
Delicious Delights Peanut Butter Cookies,452,4,75,48,10,21,11,0,0,820,,,
Sweet Sensations Oatmeal Raisin Cookies,403,8,80,39,10,33,8,0,0,1000,,,
Sweet Sensations Oatmeal Raisin Cookies,320,10,68,35,21,16,10,1,1,510,,,
Tasty Treats Lemon Shortbread,721,10,73,11,42,27,18,0,0,973,,,
Sweet Sensations Oatmeal Raisin Cookies,713,10,63,34,26,26,17,0,0,474,,,
Yummy Bites Chocolate Chip Cookies,477,7,64,25,40,34,18,1,2,225,,,
Sweet Sensations Oatmeal Raisin Cookies,574,8,67,12,16,11,7,1,1,791,,,
Tasty Treats Lemon Shortbread,568,8,73,23,34,40,12,1,0,124,,,
Tasty Treats Lemon Shortbread,662,6,74,27,15,17,9,0,1,568,,,
Tasty Treats Lemon Shortbread,798,5,80,41,22,19,6,1,0,840,,,
Sweet Sensations Oatmeal Raisin Cookies,614,9,77,11,46,24,12,0,0,932,,,
Delicious Delights Peanut Butter Cookies,482,4,62,18,25,17,13,0,1,900,,,
Tasty Treats Lemon Shortbread,312,6,80,36,27,40,15,1,1,302,,,
Delicious Delights Peanut Butter Cookies,514,5,69,11,23,25,6,0,1,473,,,
Sweet Sensations Oatmeal Raisin Cookies,330,9,68,22,14,29,5,1,0,520,,,
Delicious Delights Peanut Butter Cookies,565,6,76,48,16,27,18,1,2,630,,,
Yummy Bites Chocolate Chip Cookies,697,4,79,32,49,29,5,0,0,841,,,
Delicious Delights Peanut Butter Cookies,592,7,71,29,11,13,19,1,2,449,,,
Tasty Treats Lemon Shortbread,497,4,70,11,33,36,14,0,0,956,,,
Yummy Bites Chocolate Chip Cookies,405,8,64,7,43,32,12,1,0,333,,,
Delicious Delights Peanut Butter Cookies,516,7,65,7,46,13,7,0,1,494,,,
Tasty Treats Lemon Shortbread,735,5,63,5,38,29,8,0,2,426,,,
Delicious Delights Peanut Butter Cookies,440,5,78,40,23,16,15,1,0,453,,,
Sweet Sensations Oatmeal Raisin Cookies,543,8,80,16,25,23,8,0,0,395,,,
Tasty Treats Lemon Shortbread,695,8,77,31,43,33,19,1,0,187,,,
Delicious Delights Peanut Butter Cookies,398,8,62,12,34,40,18,0,0,192,,,
Tasty Treats Lemon Shortbread,322,8,70,14,18,23,12,1,1,642,,,
Sweet Sensations Oatmeal Raisin Cookies,412,9,76,34,41,36,10,0,1,902,,,
Sweet Sensations Oatmeal Raisin Cookies,540,4,72,5,25,34,6,1,1,881,,,
Crunchy Delights Coconut Cookies,440,4,77,50,7,11,10,0,0,199,,,
Tasty Treats Lemon Shortbread,560,7,78,17,5,35,6,1,0,705,,,
Yummy Bites Chocolate Chip Cookies,592,10,65,32,38,25,20,0,0,508,,,
Yummy Bites Chocolate Chip Cookies,320,6,79,10,19,32,20,0,2,711,,,
Crunchy Delights Coconut Cookies,555,6,65,8,6,27,12,1,2,871,,,
Sweet Sensations Oatmeal Raisin Cookies,360,6,77,8,50,28,20,0,2,812,,,
Yummy Bites Chocolate Chip Cookies,513,5,71,26,39,32,16,1,1,199,,,
Tasty Treats Lemon Shortbread,303,4,72,32,15,23,16,1,2,688,,,
Delicious Delights Peanut Butter Cookies,518,4,78,38,49,40,13,1,2,253,,,
Delicious Delights Peanut Butter Cookies,373,7,62,7,40,29,20,1,0,833,,,
Sweet Sensations Oatmeal Raisin Cookies,516,7,77,16,47,31,10,1,2,867,,,
Yummy Bites Chocolate Chip Cookies,747,6,67,30,48,29,5,1,0,948,,,
Tasty Treats Lemon Shortbread,605,9,61,24,18,32,7,0,0,271,,,
Yummy Bites Chocolate Chip Cookies,493,7,66,38,40,21,12,0,1,245,,,
Tasty Treats Lemon Shortbread,577,9,65,18,26,35,9,0,2,743,,,
Tasty Treats Lemon Shortbread,580,7,71,28,16,24,12,1,1,856,,,
Tasty Treats Lemon Shortbread,763,7,67,20,28,11,14,0,0,748,,,
Delicious Delights Peanut Butter Cookies,712,7,78,44,32,20,16,0,2,272,,,
Crunchy Delights Coconut Cookies,516,5,64,44,34,13,20,1,1,456,,,
Yummy Bites Chocolate Chip Cookies,777,8,66,29,10,12,10,0,1,701,,,
Sweet Sensations Oatmeal Raisin Cookies,377,8,66,18,34,40,18,0,2,986,,,
Sweet Sensations Oatmeal Raisin Cookies,686,10,79,7,15,39,10,1,0,518,,,
Crunchy Delights Coconut Cookies,542,9,73,42,20,40,20,1,0,780,,,
Sweet Sensations Oatmeal Raisin Cookies,429,6,70,7,13,20,5,0,0,277,,,
Tasty Treats Lemon Shortbread,522,7,67,33,35,24,17,1,0,405,,,
Tasty Treats Lemon Shortbread,468,10,64,40,27,25,15,1,0,323,,,
Tasty Treats Lemon Shortbread,727,10,65,8,12,26,19,0,0,435,,,
Tasty Treats Lemon Shortbread,393,10,76,34,27,34,17,0,2,702,,,
Delicious Delights Peanut Butter Cookies,560,7,79,37,45,20,18,1,0,196,,,
Tasty Treats Lemon Shortbread,483,6,72,23,31,30,7,1,2,502,,,
Delicious Delights Peanut Butter Cookies,386,9,77,47,34,31,17,1,1,793,,,
Tasty Treats Lemon Shortbread,466,6,79,9,7,25,16,0,1,789,,,
Crunchy Delights Coconut Cookies,524,9,61,50,24,16,18,1,0,534,,,
Crunchy Delights Coconut Cookies,677,5,64,11,13,35,15,0,1,841,,,
Sweet Sensations Oatmeal Raisin Cookies,758,8,79,6,39,22,12,0,1,164,,,
Tasty Treats Lemon Shortbread,712,6,75,36,43,29,9,1,0,318,,,
Delicious Delights Peanut Butter Cookies,672,10,78,41,44,40,12,1,2,741,,,
Crunchy Delights Coconut Cookies,453,8,64,45,13,16,10,1,1,961,,,
Delicious Delights Peanut Butter Cookies,621,8,80,50,39,10,6,1,2,460,,,
Crunchy Delights Coconut Cookies,719,8,69,47,9,24,15,0,2,538,,,
Sweet Sensations Oatmeal Raisin Cookies,362,5,80,20,36,37,17,0,2,499,,,
Tasty Treats Lemon Shortbread,399,10,61,28,40,14,6,0,1,708,,,
Crunchy Delights Coconut Cookies,322,10,80,6,43,36,8,1,2,307,,,
Sweet Sensations Oatmeal Raisin Cookies,509,5,74,48,9,25,17,0,0,187,,,
Sweet Sensations Oatmeal Raisin Cookies,716,7,63,6,29,38,15,0,1,900,,,
Yummy Bites Chocolate Chip Cookies,646,7,73,20,37,23,7,1,2,623,,,
Delicious Delights Peanut Butter Cookies,605,4,66,10,36,25,8,0,1,770,,,
Yummy Bites Chocolate Chip Cookies,787,9,77,45,38,24,7,1,1,394,,,
Tasty Treats Lemon Shortbread,398,4,79,43,31,20,19,0,2,190,,,
Yummy Bites Chocolate Chip Cookies,493,9,69,25,26,24,13,0,1,544,,,
Delicious Delights Peanut Butter Cookies,615,4,64,6,30,12,6,0,2,776,,,
Tasty Treats Lemon Shortbread,731,5,68,16,14,12,8,1,2,265,,,
Delicious Delights Peanut Butter Cookies,598,6,70,31,44,26,19,1,2,912,,,
Yummy Bites Chocolate Chip Cookies,765,5,63,7,36,11,6,0,1,223,,,
Sweet Sensations Oatmeal Raisin Cookies,650,5,74,24,48,33,18,0,2,977,,,
Crunchy Delights Coconut Cookies,419,10,63,41,25,11,16,0,2,845,,,
Delicious Delights Peanut Butter Cookies,305,5,80,43,15,14,20,0,1,621,,,
Sweet Sensations Oatmeal Raisin Cookies,343,9,68,21,40,17,8,1,0,746,,,
Sweet Sensations Oatmeal Raisin Cookies,415,8,69,30,46,15,19,0,0,638,,,
Crunchy Delights Coconut Cookies,519,4,80,16,20,21,6,0,1,503,,,
Sweet Sensations Oatmeal Raisin Cookies,392,8,76,31,47,24,10,0,2,684,,,
Crunchy Delights Coconut Cookies,694,10,67,23,29,28,8,0,2,347,,,
Crunchy Delights Coconut Cookies,603,9,61,47,10,27,12,0,1,748,,,
Delicious Delights Peanut Butter Cookies,707,7,65,29,43,22,18,1,1,215,,,
Delicious Delights Peanut Butter Cookies,555,4,67,22,8,36,9,1,1,569,,,
Delicious Delights Peanut Butter Cookies,365,6,61,8,50,40,20,0,0,332,,,
Delicious Delights Peanut Butter Cookies,618,9,64,28,37,37,8,1,0,617,,,
Yummy Bites Chocolate Chip Cookies,612,10,69,31,14,34,17,0,2,322,,,
Sweet Sensations Oatmeal Raisin Cookies,763,6,67,21,13,32,14,1,0,218,,,
Sweet Sensations Oatmeal Raisin Cookies,672,9,73,13,45,12,18,0,0,105,,,
Tasty Treats Lemon Shortbread,754,6,67,29,13,22,8,0,2,814,,,
Sweet Sensations Oatmeal Raisin Cookies,445,10,69,47,47,37,12,0,0,635,,,
Delicious Delights Peanut Butter Cookies,397,6,62,18,45,27,19,0,1,230,,,
Tasty Treats Lemon Shortbread,431,10,68,17,30,25,19,0,1,169,,,
Crunchy Delights Coconut Cookies,529,8,60,39,35,36,18,0,2,468,,,
Crunchy Delights Coconut Cookies,420,4,71,10,6,29,6,0,1,985,,,
Yummy Bites Chocolate Chip Cookies,334,8,61,33,24,21,6,0,0,734,,,
Crunchy Delights Coconut Cookies,591,5,62,33,37,39,6,0,0,988,,,
Yummy Bites Chocolate Chip Cookies,749,6,72,8,15,32,6,0,2,581,,,
Yummy Bites Chocolate Chip Cookies,595,6,67,8,15,21,11,0,2,954,,,
Delicious Delights Peanut Butter Cookies,523,5,73,28,24,28,6,0,1,369,,,
Crunchy Delights Coconut Cookies,542,4,70,44,40,15,5,1,0,492,,,
Sweet Sensations Oatmeal Raisin Cookies,750,4,75,20,43,31,14,1,1,885,,,
Delicious Delights Peanut Butter Cookies,668,6,73,23,36,34,16,1,0,912,,,
Delicious Delights Peanut Butter Cookies,712,9,78,40,33,35,8,1,1,602,,,
Sweet Sensations Oatmeal Raisin Cookies,729,5,75,33,38,14,5,1,2,239,,,
Sweet Sensations Oatmeal Raisin Cookies,352,7,70,44,6,26,18,1,0,841,,,
Yummy Bites Chocolate Chip Cookies,428,10,79,47,15,18,6,0,1,764,,,
Tasty Treats Lemon Shortbread,305,6,60,33,45,33,9,1,1,187,,,
Crunchy Delights Coconut Cookies,667,6,66,35,40,13,8,1,1,525,,,
Tasty Treats Lemon Shortbread,664,6,64,20,22,26,14,0,1,462,,,
Yummy Bites Chocolate Chip Cookies,787,6,71,33,35,16,15,1,2,146,,,
Yummy Bites Chocolate Chip Cookies,393,8,80,23,35,35,12,0,2,919,,,
Delicious Delights Peanut Butter Cookies,770,8,64,39,35,35,16,1,2,122,,,
Yummy Bites Chocolate Chip Cookies,409,10,61,40,7,40,9,0,0,322,,,
Tasty Treats Lemon Shortbread,774,9,62,49,5,15,9,0,2,869,,,
Sweet Sensations Oatmeal Raisin Cookies,365,4,67,36,35,17,16,0,2,619,,,
Sweet Sensations Oatmeal Raisin Cookies,597,5,61,9,46,10,16,0,1,724,,,
Crunchy Delights Coconut Cookies,601,5,70,37,48,17,14,1,1,383,,,
Crunchy Delights Coconut Cookies,544,8,65,18,28,34,15,1,1,679,,,
Delicious Delights Peanut Butter Cookies,738,6,80,39,27,20,18,1,1,106,,,
Crunchy Delights Coconut Cookies,662,7,68,6,32,33,11,0,1,784,,,
Sweet Sensations Oatmeal Raisin Cookies,366,7,64,42,34,18,18,0,1,900,,,
Yummy Bites Chocolate Chip Cookies,442,5,61,46,24,16,10,0,2,706,,,
Tasty Treats Lemon Shortbread,713,5,70,11,49,21,17,0,0,664,,,
Delicious Delights Peanut Butter Cookies,699,7,74,28,19,38,14,1,2,672,,,
Yummy Bites Chocolate Chip Cookies,422,8,76,22,45,15,13,0,0,163,,,
Crunchy Delights Coconut Cookies,369,6,73,18,5,26,16,0,1,181,,,
Crunchy Delights Coconut Cookies,660,7,69,19,36,28,18,1,1,360,,,
